[{"us_state_name":"ALABAMA","country_code":"US","country_name":"United States"},{"us_state_name":"Unknown","country_code":"US","country_name":"United States"},{"us_state_name":"N/A","country_code":"PL","country_name":"Poland"},{"us_state_name":"N/A","country_code":"MA","country_name":"Morocco"},{"us_state_name":"N/A","country_code":"ES","country_name":"Spain"},{"us_state_name":"N/A","country_code":"JP","country_name":"Japan"},{"us_state_name":"N/A","country_code":"FR","country_name":"France"},{"us_state_name":"N/A","country_code":"DO","country_name":"Dominican Republic"},{"us_state_name":"MASSACHUSETTS","country_code":"US","country_name":"United States"},{"us_state_name":"N/A","country_code":"JM","country_name":"Jamaica"},{"us_state_name":"N/A","country_code":"GR","country_name":"Greece"},{"us_state_name":"N/A","country_code":"PT","country_name":"Portugal"},{"us_state_name":"N/A","country_code":"EC","country_name":"Ecuador"},{"us_state_name":"MICHIGAN","country_code":"US","country_name":"United States"},{"us_state_name":"INDIANA","country_code":"US","country_name":"United States"},{"us_state_name":"N/A","country_code":"RS","country_name":"Serbia"},{"us_state_name":"N/A","country_code":"BD","country_name":"Bangladesh"},{"us_state_name":"N/A","country_code":"LT","country_name":"Lithuania"},{"us_state_name":"N/A","country_code":"SK","country_name":"Slovakia"},{"us_state_name":"N/A","country_code":"FI","country_name":"Finland"},{"us_state_name":"N/A","country_code":"ZM","country_name":"Zambia"},{"us_state_name":"WEST VIRGINIA","country_code":"US","country_name":"United States"},{"us_state_name":"SOUTH DAKOTA","country_code":"US","country_name":"United States"},{"us_state_name":"N/A","country_code":"DK","country_name":"Denmark"},{"us_state_name":"NORTH DAKOTA","country_code":"US","country_name":"United States"},{"us_state_name":"N/A","country_code":"CD","country_name":"Congo - Kinshasa"},{"us_state_name":"KANSAS","country_code":"US","country_name":"United States"},{"us_state_name":"N/A","country_code":"CU","country_name":"Cuba"},{"us_state_name":"N/A","country_code":"LB","country_name":"Lebanon"},{"us_state_name":"N/A","country_code":"IL","country_name":"Israel"},{"us_state_name":"MARYLAND","country_code":"US","country_name":"United States"},{"us_state_name":"MAINE","country_code":"US","country_name":"United States"},{"us_state_name":"N/A","country_code":"PF","country_name":"French Polynesia"},{"us_state_name":"N/A","country_code":"PK","country_name":"Pakistan"},{"us_state_name":"N/A","country_code":"JE","country_name":"Jersey"},{"us_state_name":"N/A","country_code":"LV","country_name":"Latvia"},{"us_state_name":"N/A","country_code":"NC","country_name":"New Caledonia"},{"us_state_name":"WYOMING","country_code":"US","country_name":"United States"},{"us_state_name":"N/A","country_code":"PA","country_name":"Panama"},{"us_state_name":"N/A","country_code":"1`","country_name":"Unknown"},{"us_state_name":"N/A","country_code":"KR","country_name":"South Korea"},{"us_state_name":"N/A","country_code":"VC","country_name":"Saint Vincent and the Grenadines"},{"us_state_name":"N/A","country_code":"LY","country_name":"Libya"},{"us_state_name":"N/A","country_code":"PS","country_name":"Palestinian Territories"},{"us_state_name":"N/A","country_code":"MF","country_name":"Saint Martin"},{"us_state_name":"N/A","country_code":"GI","country_name":"Gibraltar"},{"us_state_name":"N/A","country_code":"GG","country_name":"Guernsey"},{"us_state_name":"N/A","country_code":"KH","country_name":"Cambodia"},{"us_state_name":"N/A","country_code":"SA","country_name":"Saudi Arabia"},{"us_state_name":"N/A","country_code":"BQ","country_name":"Caribbean Netherlands"},{"us_state_name":"N/A","country_code":"BS","country_name":"Bahamas"},{"us_state_name":"N/A","country_code":"SD","country_name":"Sudan"},{"us_state_name":"N/A","country_code":"SR","country_name":"Suriname"},{"us_state_name":"N/A","country_code":"SB","country_name":"Solomon Islands"},{"us_state_name":"N/A","country_code":"RE","country_name":"Réunion"},{"us_state_name":"N/A","country_code":"KM","country_name":"Comoros"},{"us_state_name":"N/A","country_code":"NR","country_name":"Nauru"},{"us_state_name":"N/A","country_code":"SY","country_name":"Syria"},{"us_state_name":"N/A","country_code":"TJ","country_name":"Tajikistan"},{"us_state_name":"N/A","country_code":"SN","country_name":"Senegal"},{"us_state_name":"N/A","country_code":"GL","country_name":"Greenland"},{"us_state_name":"N/A","country_code":"TV","country_name":"Tuvalu"},{"us_state_name":"N/A","country_code":"PW","country_name":"Palau"},{"us_state_name":"N/A","country_code":"XK","country_name":"Kosovo"},{"us_state_name":"N/A","country_code":"QA","country_name":"Qatar"},{"us_state_name":"N/A","country_code":"GF","country_name":"French Guiana"},{"us_state_name":"N/A","country_code":"AW","country_name":"Aruba"},{"us_state_name":"N/A","country_code":"SM","country_name":"San Marino"},{"us_state_name":"N/A","country_code":"GA","country_name":"Gabon"},{"us_state_name":"N/A","country_code":"AX","country_name":"Åland Islands"},{"us_state_name":"N/A","country_code":"AF","country_name":"Afghanistan"},{"us_state_name":"N/A","country_code":"TC","country_name":"Turks and Caicos Islands"},{"us_state_name":"N/A","country_code":"ER","country_name":"Eritrea"},{"us_state_name":"N/A","country_code":"GD","country_name":"Grenada"},{"us_state_name":"N/A","country_code":"CK","country_name":"Cook Islands"},{"us_state_name":"N/A","country_code":"TO","country_name":"Tonga"},{"us_state_name":"N/A","country_code":"CC","country_name":"Cocos [Keeling] Islands"},{"us_state_name":"N/A","country_code":"IO","country_name":"British Indian Ocean Territory"},{"us_state_name":"N/A","country_code":"AUS","country_name":"Unknown"},{"us_state_name":"N/A","country_code":"SP","country_name":"Unknown"},{"us_state_name":"N/A","country_code":"EH","country_name":"Western Sahara"},{"us_state_name":"N/A","country_code":"ND","country_name":"Unknown"},{"us_state_name":"N/A","country_code":"GDE","country_name":"Unknown"},{"us_state_name":"N/A","country_code":"US?","country_name":"Unknown"},{"us_state_name":"N/A","country_code":"ENG","country_name":"Unknown"},{"us_state_name":"N/A","country_code":"FE","country_name":"Unknown"},{"us_state_name":"N/A","country_code":"SW","country_name":"Unknown"},{"us_state_name":"N/A","country_code":"%20","country_name":"Unknown"},{"us_state_name":"N/A","country_code":"DE?","country_name":"Unknown"},{"us_state_name":"N/A","country_code":"USS","country_name":"Unknown"},{"us_state_name":"N/A","country_code":"BR","country_name":"Brazil"},{"us_state_name":"N/A","country_code":"ID","country_name":"Indonesia"},{"us_state_name":"N/A","country_code":"DE","country_name":"Germany"},{"us_state_name":"N/A","country_code":"AU","country_name":"Australia"},{"us_state_name":"N/A","country_code":"MK","country_name":"Macedonia"},{"us_state_name":"N/A","country_code":"CA","country_name":"Canada"},{"us_state_name":"N/A","country_code":"EE","country_name":"Estonia"},{"us_state_name":"N/A","country_code":"NO","country_name":"Norway"},{"us_state_name":"N/A","country_code":"IN","country_name":"India"},{"us_state_name":"N/A","country_code":"SI","country_name":"Slovenia"},{"us_state_name":"CALIFORNIA","country_code":"US","country_name":"United States"},{"us_state_name":"N/A","country_code":"AR","country_name":"Argentina"},{"us_state_name":"N/A","country_code":"EG","country_name":"Egypt"},{"us_state_name":"N/A","country_code":"MD","country_name":"Moldova"},{"us_state_name":"LOUISIANA","country_code":"US","country_name":"United States"},{"us_state_name":"N/A","country_code":"CH","country_name":"Switzerland"},{"us_state_name":"VERMONT","country_code":"US","country_name":"United States"},{"us_state_name":"N/A","country_code":"CO","country_name":"Colombia"},{"us_state_name":"N/A","country_code":"NZ","country_name":"New Zealand"},{"us_state_name":"N/A","country_code":"TD","country_name":"Chad"},{"us_state_name":"N/A","country_code":"HN","country_name":"Honduras"},{"us_state_name":"N/A","country_code":"HK","country_name":"Hong Kong"},{"us_state_name":"TEXAS","country_code":"US","country_name":"United States"},{"us_state_name":"N/A","country_code":"YT","country_name":"Mayotte"},{"us_state_name":"ARKANSAS","country_code":"US","country_name":"United States"},{"us_state_name":"MINNESOTA","country_code":"US","country_name":"United States"},{"us_state_name":"N/A","country_code":"VU","country_name":"Vanuatu"},{"us_state_name":"N/A","country_code":"NI","country_name":"Nicaragua"},{"us_state_name":"WISCONSIN","country_code":"US","country_name":"United States"},{"us_state_name":"NEW JERSEY","country_code":"US","country_name":"United States"},{"us_state_name":"WASHINGTON","country_code":"US","country_name":"United States"},{"us_state_name":"N/A","country_code":"OM","country_name":"Oman"},{"us_state_name":"UTAH","country_code":"US","country_name":"United States"},{"us_state_name":"N/A","country_code":"AZ","country_name":"Azerbaijan"},{"us_state_name":"N/A","country_code":"BY","country_name":"Belarus"},{"us_state_name":"N/A","country_code":"BT","country_name":"Bhutan"},{"us_state_name":"N/A","country_code":"CY","country_name":"Cyprus"},{"us_state_name":"N/A","country_code":"BZ","country_name":"Belize"},{"us_state_name":"N/A","country_code":"MT","country_name":"Malta"},{"us_state_name":"N/A","country_code":"MM","country_name":"Myanmar [Burma]"},{"us_state_name":"N/A","country_code":"EN","country_name":"Unknown"},{"us_state_name":"N/A","country_code":"MG","country_name":"Madagascar"},{"us_state_name":"N/A","country_code":"BO","country_name":"Bolivia"},{"us_state_name":"N/A","country_code":"NP","country_name":"Nepal"},{"us_state_name":"N/A","country_code":"SV","country_name":"El Salvador"},{"us_state_name":"N/A","country_code":"AM","country_name":"Armenia"},{"us_state_name":"N/A","country_code":"LS","country_name":"Lesotho"},{"us_state_name":"N/A","country_code":"MZ","country_name":"Mozambique"},{"us_state_name":"N/A","country_code":"TM","country_name":"Turkmenistan"},{"us_state_name":"N/A","country_code":"SC","country_name":"Seychelles"},{"us_state_name":"N/A","country_code":"EU","country_name":"Unknown"},{"us_state_name":"N/A","country_code":"VG","country_name":"British Virgin Islands"},{"us_state_name":"N/A","country_code":"SO","country_name":"Somalia"},{"us_state_name":"N/A","country_code":"AG","country_name":"Antigua and Barbuda"},{"us_state_name":"DISTRICT OF COLUMBIA","country_code":"US","country_name":"United States"},{"us_state_name":"N/A","country_code":"GU","country_name":"Guam"},{"us_state_name":"N/A","country_code":"KN","country_name":"Saint Kitts and Nevis"},{"us_state_name":"N/A","country_code":"BF","country_name":"Burkina Faso"},{"us_state_name":"N/A","country_code":"MR","country_name":"Mauritania"},{"us_state_name":"N/A","country_code":"FK","country_name":"Falkland Islands"},{"us_state_name":"N/A","country_code":"WS","country_name":"Samoa"},{"us_state_name":"N/A","country_code":"SZ","country_name":"Swaziland"},{"us_state_name":"N/A","country_code":"TG","country_name":"Togo"},{"us_state_name":"N/A","country_code":"CAN","country_name":"Unknown"},{"us_state_name":"N/A","country_code":"MAR","country_name":"Unknown"},{"us_state_name":"N/A","country_code":"MH","country_name":"Marshall Islands"},{"us_state_name":"N/A","country_code":"GQ","country_name":"Equatorial Guinea"},{"us_state_name":"N/A","country_code":"KY","country_name":"Cayman Islands"},{"us_state_name":"N/A","country_code":"KI","country_name":"Kiribati"},{"us_state_name":"N/A","country_code":"PM","country_name":"Saint Pierre and Miquelon"},{"us_state_name":"N/A","country_code":"NT","country_name":"Unknown"},{"us_state_name":"N/A","country_code":"KP","country_name":"North Korea"},{"us_state_name":"N/A","country_code":"AQ","country_name":"Antarctica"},{"us_state_name":"N/A","country_code":"MES","country_name":"Unknown"},{"us_state_name":"N/A","country_code":"UNKNOWN","country_name":"Unknown"},{"us_state_name":"N/A","country_code":"IA","country_name":"Unknown"},{"us_state_name":"N/A","country_code":"BGE","country_name":"Unknown"},{"us_state_name":"N/A","country_code":"RA","country_name":"Unknown"},{"us_state_name":"N/A","country_code":"IE","country_name":"Ireland"},{"us_state_name":"IDAHO","country_code":"US","country_name":"United States"},{"us_state_name":"NEW MEXICO","country_code":"US","country_name":"United States"},{"us_state_name":"N/A","country_code":"GB","country_name":"United Kingdom"},{"us_state_name":"N/A","country_code":"HU","country_name":"Hungary"},{"us_state_name":"NEBRASKA","country_code":"US","country_name":"United States"},{"us_state_name":"N/A","country_code":"RU","country_name":"Russia"},{"us_state_name":"N/A","country_code":"LU","country_name":"Luxembourg"},{"us_state_name":"NORTH CAROLINA","country_code":"US","country_name":"United States"},{"us_state_name":"N/A","country_code":"MY","country_name":"Malaysia"},{"us_state_name":"N/A","country_code":"BA","country_name":"Bosnia and Herzegovina"},{"us_state_name":"OHIO","country_code":"US","country_name":"United States"},{"us_state_name":"N/A","country_code":"TL","country_name":"Timor-Leste"},{"us_state_name":"MISSISSIPPI","country_code":"US","country_name":"United States"},{"us_state_name":"N/A","country_code":"CN","country_name":"China"},{"us_state_name":"CONNECTICUT","country_code":"US","country_name":"United States"},{"us_state_name":"ILLINOIS","country_code":"US","country_name":"United States"},{"us_state_name":"N/A","country_code":"CF","country_name":"Central African Republic"},{"us_state_name":"FLORIDA","country_code":"US","country_name":"United States"},{"us_state_name":"N/A","country_code":"TR","country_name":"Turkey"},{"us_state_name":"N/A","country_code":"VN","country_name":"Vietnam"},{"us_state_name":"N/A","country_code":"VE","country_name":"Venezuela"},{"us_state_name":"N/A","country_code":"FO","country_name":"Faroe Islands"},{"us_state_name":"N/A","country_code":"PE","country_name":"Peru"},{"us_state_name":"N/A","country_code":"PR","country_name":"Puerto Rico"},{"us_state_name":"RHODE ISLAND","country_code":"US","country_name":"United States"},{"us_state_name":"N/A","country_code":"KE","country_name":"Kenya"},{"us_state_name":"N/A","country_code":"GH","country_name":"Ghana"},{"us_state_name":"N/A","country_code":"IS","country_name":"Iceland"},{"us_state_name":"N/A","country_code":"PY","country_name":"Paraguay"},{"us_state_name":"N/A","country_code":"CI","country_name":"Côte d’Ivoire"},{"us_state_name":"N/A","country_code":"LK","country_name":"Sri Lanka"},{"us_state_name":"N/A","country_code":"YE","country_name":"Yemen"},{"us_state_name":"N/A","country_code":"NA","country_name":"Namibia"},{"us_state_name":"N/A","country_code":"TW","country_name":"Taiwan"},{"us_state_name":null,"country_code":"US","country_name":"United States"},{"us_state_name":"N/A","country_code":"TZ","country_name":"Tanzania"},{"us_state_name":"MONTANA","country_code":"US","country_name":"United States"},{"us_state_name":"NEW HAMPSHIRE","country_code":"US","country_name":"United States"},{"us_state_name":"N/A","country_code":"LR","country_name":"Liberia"},{"us_state_name":"N/A","country_code":"BI","country_name":"Burundi"},{"us_state_name":"N/A","country_code":"MW","country_name":"Malawi"},{"us_state_name":"N/A","country_code":"NG","country_name":"Nigeria"},{"us_state_name":"N/A","country_code":"ST","country_name":"São Tomé and Príncipe"},{"us_state_name":"N/A","country_code":"LA","country_name":"Laos"},{"us_state_name":"N/A","country_code":"GN","country_name":"Guinea"},{"us_state_name":"N/A","country_code":"HT","country_name":"Haiti"},{"us_state_name":"N/A","country_code":"BW","country_name":"Botswana"},{"us_state_name":"N/A","country_code":"BB","country_name":"Barbados"},{"us_state_name":"N/A","country_code":"LC","country_name":"Saint Lucia"},{"us_state_name":"N/A","country_code":"IM","country_name":"Isle of Man"},{"us_state_name":"N/A","country_code":"KG","country_name":"Kyrgyzstan"},{"us_state_name":"N/A","country_code":"BJ","country_name":"Benin"},{"us_state_name":"N/A","country_code":"UNK","country_name":"Unknown"},{"us_state_name":"N/A","country_code":"RW","country_name":"Rwanda"},{"us_state_name":"N/A","country_code":"DM","country_name":"Dominica"},{"us_state_name":"N/A","country_code":"SS","country_name":"South Sudan"},{"us_state_name":"N/A","country_code":"AI","country_name":"Anguilla"},{"us_state_name":"N/A","country_code":"CW","country_name":"Curaçao"},{"us_state_name":"N/A","country_code":"BM","country_name":"Bermuda"},{"us_state_name":"N/A","country_code":"SL","country_name":"Sierra Leone"},{"us_state_name":"N/A","country_code":"UK","country_name":"Unknown"},{"us_state_name":"N/A","country_code":"CA'","country_name":"Unknown"},{"us_state_name":"N/A","country_code":"NE","country_name":"Niger"},{"us_state_name":"N/A","country_code":"BL","country_name":"Saint Barthélemy"},{"us_state_name":"N/A","country_code":"NF","country_name":"Norfolk Island"},{"us_state_name":"N/A","country_code":"AND","country_name":"Unknown"},{"us_state_name":"N/A","country_code":"MO","country_name":"Macau SAR China"},{"us_state_name":"N/A","country_code":"NU","country_name":"Niue"},{"us_state_name":"N/A","country_code":"ZH","country_name":"Unknown"},{"us_state_name":"N/A","country_code":"SH","country_name":"Saint Helena"},{"us_state_name":"N/A","country_code":"AC","country_name":"Ascension Island"},{"us_state_name":"N/A","country_code":"U=Y","country_name":"Unknown"},{"us_state_name":"N/A","country_code":"USA","country_name":"Unknown"},{"us_state_name":"N/A","country_code":"CX","country_name":"Christmas Island"},{"us_state_name":"N/A","country_code":"UA?","country_name":"Unknown"},{"us_state_name":"N/A","country_code":"UQ","country_name":"Unknown"},{"us_state_name":"N/A","country_code":"EBR","country_name":"Unknown"},{"us_state_name":"N/A","country_code":"1","country_name":"Unknown"},{"us_state_name":"N/A","country_code":"PN","country_name":"Pitcairn Islands"},{"us_state_name":"N/A","country_code":"MBR","country_name":"Unknown"},{"us_state_name":"N/A","country_code":"NL","country_name":"Netherlands"},{"us_state_name":"N/A","country_code":"AT","country_name":"Austria"},{"us_state_name":"SOUTH CAROLINA","country_code":"US","country_name":"United States"},{"us_state_name":"PENNSYLVANIA","country_code":"US","country_name":"United States"},{"us_state_name":"TENNESSEE","country_code":"US","country_name":"United States"},{"us_state_name":"N/A","country_code":"IT","country_name":"Italy"},{"us_state_name":"ARIZONA","country_code":"US","country_name":"United States"},{"us_state_name":"N/A","country_code":"CZ","country_name":"Czech Republic"},{"us_state_name":"N/A","country_code":"BE","country_name":"Belgium"},{"us_state_name":"N/A","country_code":"TH","country_name":"Thailand"},{"us_state_name":"VIRGINIA","country_code":"US","country_name":"United States"},{"us_state_name":"NEW YORK","country_code":"US","country_name":"United States"},{"us_state_name":"N/A","country_code":"KZ","country_name":"Kazakhstan"},{"us_state_name":"N/A","country_code":"PH","country_name":"Philippines"},{"us_state_name":"N/A","country_code":"AD","country_name":"Andorra"},{"us_state_name":"N/A","country_code":"CL","country_name":"Chile"},{"us_state_name":"HAWAII","country_code":"US","country_name":"United States"},{"us_state_name":"OKLAHOMA","country_code":"US","country_name":"United States"},{"us_state_name":"N/A","country_code":"CR","country_name":"Costa Rica"},{"us_state_name":"N/A","country_code":"HR","country_name":"Croatia"},{"us_state_name":"N/A","country_code":"MX","country_name":"Mexico"},{"us_state_name":"N/A","country_code":"RO","country_name":"Romania"},{"us_state_name":"N/A","country_code":"SE","country_name":"Sweden"},{"us_state_name":"GEORGIA","country_code":"US","country_name":"United States"},{"us_state_name":"KENTUCKY","country_code":"US","country_name":"United States"},{"us_state_name":"N/A","country_code":"UA","country_name":"Ukraine"},{"us_state_name":"N/A","country_code":"DZ","country_name":"Algeria"},{"us_state_name":"MISSOURI","country_code":"US","country_name":"United States"},{"us_state_name":"IOWA","country_code":"US","country_name":"United States"},{"us_state_name":"N/A","country_code":"UG","country_name":"Uganda"},{"us_state_name":"N/A","country_code":"CM","country_name":"Cameroon"},{"us_state_name":"COLORADO","country_code":"US","country_name":"United States"},{"us_state_name":"N/A","country_code":"ZA","country_name":"South Africa"},{"us_state_name":"N/A","country_code":"SX","country_name":"Sint Maarten"},{"us_state_name":"N/A","country_code":"ET","country_name":"Ethiopia"},{"us_state_name":"N/A","country_code":"BG","country_name":"Bulgaria"},{"us_state_name":"N/A","country_code":"AL","country_name":"Albania"},{"us_state_name":"N/A","country_code":"IR","country_name":"Iran"},{"us_state_name":"N/A","country_code":"TN","country_name":"Tunisia"},{"us_state_name":"ALASKA","country_code":"US","country_name":"United States"},{"us_state_name":"N/A","country_code":"TT","country_name":"Trinidad and Tobago"},{"us_state_name":"N/A","country_code":"MU","country_name":"Mauritius"},{"us_state_name":"N/A","country_code":"IQ","country_name":"Iraq"},{"us_state_name":"N/A","country_code":"ME","country_name":"Montenegro"},{"us_state_name":"N/A","country_code":"GE","country_name":"Georgia"},{"us_state_name":"N/A","country_code":"AE","country_name":"United Arab Emirates"},{"us_state_name":"N/A","country_code":"UY","country_name":"Uruguay"},{"us_state_name":"N/A","country_code":"ZW","country_name":"Zimbabwe"},{"us_state_name":"N/A","country_code":"MQ","country_name":"Martinique"},{"us_state_name":"DELAWARE","country_code":"US","country_name":"United States"},{"us_state_name":"N/A","country_code":"GP","country_name":"Guadeloupe"},{"us_state_name":"N/A","country_code":"GT","country_name":"Guatemala"},{"us_state_name":"OREGON","country_code":"US","country_name":"United States"},{"us_state_name":"NEVADA","country_code":"US","country_name":"United States"},{"us_state_name":"N/A","country_code":"DJ","country_name":"Djibouti"},{"us_state_name":"N/A","country_code":"UZ","country_name":"Uzbekistan"},{"us_state_name":"N/A","country_code":"BH","country_name":"Bahrain"},{"us_state_name":"N/A","country_code":"MN","country_name":"Mongolia"},{"us_state_name":"N/A","country_code":"ML","country_name":"Mali"},{"us_state_name":"N/A","country_code":"MS","country_name":"Montserrat"},{"us_state_name":"N/A","country_code":"VI","country_name":"U.S. Virgin Islands"},{"us_state_name":"N/A","country_code":"KW","country_name":"Kuwait"},{"us_state_name":"N/A","country_code":"AO","country_name":"Angola"},{"us_state_name":"N/A","country_code":"GM","country_name":"Gambia"},{"us_state_name":"N/A","country_code":"CG","country_name":"Congo - Brazzaville"},{"us_state_name":"N/A","country_code":"MP","country_name":"Northern Mariana Islands"},{"us_state_name":"N/A","country_code":"JO","country_name":"Jordan"},{"us_state_name":"N/A","country_code":"GY","country_name":"Guyana"},{"us_state_name":"N/A","country_code":"SG","country_name":"Singapore"},{"us_state_name":"N/A","country_code":"MV","country_name":"Maldives"},{"us_state_name":"N/A","country_code":"CV","country_name":"Cape Verde"},{"us_state_name":"N/A","country_code":"FM","country_name":"Micronesia"},{"us_state_name":"N/A","country_code":"GW","country_name":"Guinea-Bissau"},{"us_state_name":"N/A","country_code":"FJ","country_name":"Fiji"},{"us_state_name":"N/A","country_code":"AS","country_name":"American Samoa"},{"us_state_name":"N/A","country_code":"CS","country_name":"Unknown"},{"us_state_name":"N/A","country_code":"LI","country_name":"Liechtenstein"},{"us_state_name":"N/A","country_code":"PG","country_name":"Papua New Guinea"},{"us_state_name":"N/A","country_code":"WF","country_name":"Wallis and Futuna"},{"us_state_name":"N/A","country_code":"VA","country_name":"Vatican City"},{"us_state_name":"N/A","country_code":"GSA","country_name":"Unknown"},{"us_state_name":"N/A","country_code":"MCN","country_name":"Unknown"},{"us_state_name":"N/A","country_code":"MC","country_name":"Monaco"},{"us_state_name":"N/A","country_code":"BN","country_name":"Brunei"},{"us_state_name":"N/A","country_code":"UM","country_name":"U.S. Outlying Islands"},{"us_state_name":"N/A","country_code":"UR","country_name":"Unknown"},{"us_state_name":"N/A","country_code":"ZZ","country_name":"Unknown"},{"us_state_name":"N/A","country_code":"FBR","country_name":"Unknown"},{"us_state_name":"N/A","country_code":"SJ","country_name":"Svalbard and Jan Mayen"},{"us_state_name":"N/A","country_code":"TK","country_name":"Tokelau"},{"us_state_name":"N/A","country_code":"UI","country_name":"Unknown"},{"us_state_name":"N/A","country_code":"PU","country_name":"Unknown"},{"us_state_name":"N/A","country_code":"USH","country_name":"Unknown"}]