[{"platform_id":"web","platform_name":"Web","id":5},{"platform_id":"tizen","platform_name":"Tizen","id":22},{"platform_id":"tvos","platform_name":"tvOS","id":8},{"platform_id":"watchos","platform_name":"watchOS","id":12},{"platform_id":"windows","platform_name":"Windows","id":3},{"platform_id":"html5","platform_name":"HTML5","id":6},{"platform_id":"macos","platform_name":"macOS/OS X","id":1},{"platform_id":"visionos","platform_name":"visionOS","id":75},{"platform_id":"android","platform_name":"Android","id":2},{"platform_id":"androidtv","platform_name":"Android TV","id":4},{"platform_id":"androidwear","platform_name":"AndroidWear","id":10},{"platform_id":"ios","platform_name":"iOS","id":7},{"platform_id":"roku","platform_name":"Roku","id":9}]